href,titles,prices
https://24h.pchome.com.tw/prod/DYAQ9D-A900F5NPB,SONY 索尼 WH-1000XM5 主動式降噪旗艦 藍牙耳機(頂級降噪 /極真音質/配戴舒適)[公司貨 保固12+6],"$11,900"
https://24h.pchome.com.tw/prod/DYAQ9M-A900G43ND,SONY 索尼 [公司貨 保固12個月] WH-CH720N 無線降噪耳罩式耳機,"$3,900"
https://24h.pchome.com.tw/prod/DYAQFN-A900GIU1T,SONY 索尼 WF-1000XM5 旗艦真無線藍牙耳機 (公司貨 保固 12+6 個月),"$7,990"
https://24h.pchome.com.tw/prod/DYAQFN-A900GQX1R,SONY 索尼 INZONE Buds 真無線降噪遊戲耳塞式耳機 WF-G700N,"$5,890"
https://24h.pchome.com.tw/prod/DYAQ9M-A900HEPPS,SONY 索尼 ULT WEAR WH-ULT900N 無線重低音降噪耳機 (公司貨 保固 12 個月),"$5,990"
https://24h.pchome.com.tw/prod/DYAQ9D-A900F4UPP,SONY 索尼 WH-1000XM5 (3色) 無線藍牙降噪 耳罩式耳機【公司貨保固12個月註冊延長6個月】,"$11,900"
https://24h.pchome.com.tw/prod/DYAQ9D-A900AT4UE,SONY 索尼 WH-1000XM4 藍牙降噪耳罩式耳機-黑色《公司貨註冊保固2年》,"$7,900"
https://24h.pchome.com.tw/prod/DYAQ9M-A900GQVK0,SONY 索尼 INZONE H9 無線降噪電競耳機 WH-G900N (公司貨 保固 12 個月),"$6,990"
https://24h.pchome.com.tw/prod/DYAQ9D-A900AT4V5,SONY 索尼 WH-1000XM4 藍牙降噪耳罩式耳機 - 銀色《公司貨註冊保固2年》,"$7,900"
https://24h.pchome.com.tw/prod/DYAQ9L-A900GIU88,SONY 索尼 WF-1000XM5 旗艦真無線藍牙耳機(公司貨 保固 12+6 個月),"$7,990"
https://24h.pchome.com.tw/prod/DMAAMT-A900HBLV7,SONY 索尼 (福利品) WF-1000XM5 真無線 入耳式 降噪耳機,"$6,890"
https://24h.pchome.com.tw/prod/DYAQ9M-A900HV628,SONY 索尼 WH-1000XM5 玫瑰灰 無線藍牙降噪 耳罩式耳機【公司貨保固12個月註冊延長6個月】,"$11,900"
https://24h.pchome.com.tw/prod/DYAQ9D-A900G3THO,SONY 索尼 [ 公司貨 保固 12 個月]WH CH720N 無線降噪耳罩式耳機,"$3,900"
https://24h.pchome.com.tw/prod/DYAQ9D-A900F5TO2,SONY 索尼 [ 公司貨 保固12+6] WH-1000XM5 主動式降噪旗艦藍牙耳機(頂級降噪 /極真音質/配戴舒適),"$11,900"
https://24h.pchome.com.tw/prod/DYAQ9M-A900GQXK1,SONY 索尼 INZONE H5 無線耳罩式電競耳機 WH-G500 (公司貨 保固12個月),"$4,190"
https://24h.pchome.com.tw/prod/DYAQHK-A900HO193,SONY 索尼 WH-1000XM5無線藍牙降噪耳罩式耳機+ Papago二代多功能行動電源(原廠公司貨),"$11,900"
https://24h.pchome.com.tw/prod/DYAQ9M-A900HEV1M,SONY 索尼 ULT WEAR WH-ULT900N 無線重低音降噪耳機 【公司貨保固12個月】,"$5,990"
https://24h.pchome.com.tw/prod/DYAQ9D-A900AT1RI,SONY 索尼 WH-1000XM4 無線藍牙降噪 耳罩式耳機,"$7,900"
https://24h.pchome.com.tw/prod/DYAQFN-A900HGQHB,SONY 索尼 INZONE Buds 真無線降噪遊戲耳塞式耳機 WF-G700N [福利品] (公司貨 保固12個月),"$5,390"
https://24h.pchome.com.tw/prod/DYAQ9M-A900HVEOH,SONY 索尼 WH-1000XM5 主動式降噪旗艦藍牙耳機 (公司貨 保固12+6個月),"$11,900"
https://24h.pchome.com.tw/prod/DYAQ9M-A900GAF6E,SONY 索尼 [ 公司貨 保固 12+6 個月] MDR MV1 開放式錄音室監聽耳機,"$11,290"
https://24h.pchome.com.tw/prod/DYAQFN-A900GQLAN,SONY 索尼 INZONE Buds 真無線降噪遊戲耳塞式耳機 WF-G700N (公司貨 保固 12 個月) 白色,"$5,890"
https://24h.pchome.com.tw/prod/DYAQ9D-A900AT49Q,SONY 索尼 [ 公司貨 保固12+12] WH-1000XM4 主動式降噪 無線藍牙耳機(智慧降噪 / 無線高音質 / 質感美型),"$7,900"
https://24h.pchome.com.tw/prod/DSBC59-A900I91M1,SONY 索尼 (限促)封閉式監聽耳機 MDR-M1,"$7,990"
https://24h.pchome.com.tw/prod/DCAY7T-A900F871N,SONY 索尼 耳罩式耳機 WH-1000XM5 藍牙無線 降噪 高音質【兩色】,"$10,500"
https://24h.pchome.com.tw/prod/DYAQFN-A900GQO4X,SONY 索尼 INZONE Buds 真無線降噪遊戲耳塞式耳機 WF-G700N (公司貨 保固12個月),"$5,890"
https://24h.pchome.com.tw/prod/DYAQF4-A900F5NW6,SONY 索尼 WF-LS900N LinkBuds S 真無線耳機《公司貨註冊保固1年6個月》,"$4,490"
https://24h.pchome.com.tw/prod/DYAQIL-A900HBWLF,SONY 索尼 WF-1000XM5 真無線主動式降噪耳機,"$7,990"
https://24h.pchome.com.tw/prod/DCAY7S-A9009XVLX,SONY 索尼 高階入耳式監聽耳機 IER-M9 五具平衡電樞 Hi-Res 可升級線【保固一年】,"$31,900"
https://24h.pchome.com.tw/prod/DYAQ9M-A900HEPP9,SONY 索尼 ULT WEAR WH-ULT900N 無線重低音降噪耳機 (公司貨 保固 12 個月),"$5,990"
https://24h.pchome.com.tw/prod/DYAQ9D-A900ATCQS,SONY 索尼 [ 公司貨 保固12+12] WH-1000XM4 主動式降噪 無線藍牙耳機(智慧降噪 / 無線高音質 / 質感美型),"$7,900"
https://24h.pchome.com.tw/prod/DYAQ9D-A900GMTFW,SONY 索尼 [公司貨 保固12個月] WH-CH720N 無線降噪耳罩式耳機,"$3,990"
https://24h.pchome.com.tw/prod/DYAQ9D-A900F5ISN,SONY 索尼 WH-1000XM5 主動式降噪旗艦 藍牙耳機(頂級降噪 /極真音質/配戴舒適)[公司貨 保固12+6],"$11,900"
https://24h.pchome.com.tw/prod/DYAQFN-A900GISCS,SONY 索尼 WF-1000XM5 旗艦真無線藍牙耳機,"$7,990"
https://24h.pchome.com.tw/prod/DMAF20-A900HEGRT,SONY 索尼 NW-WS623 無線入耳/頸掛 防水無線運動隨身聽,"$3,790"
https://24h.pchome.com.tw/prod/DYAQ9M-A900GQXIX,SONY 索尼 INZONE H5 無線耳罩式電競耳機 WH-G500 (公司貨 保固12個月),"$4,190"
https://24h.pchome.com.tw/prod/DYAQ9D-A900F6VMP,SONY 索尼 WH-1000XM5 銀色 主動式降噪旗艦 藍牙耳機(台灣公司貨 保固12+6),"$11,900"
https://24h.pchome.com.tw/prod/DYAQ9D-A900F5NLZ,SONY 索尼 WH-1000XM5 主動式降噪旗艦藍牙耳機 (台灣公司貨保固12+6),"$11,900"
https://24h.pchome.com.tw/prod/DYAQ9M-A900I0Z65,SONY 索尼 WH-1000XM5 主動式降噪旗艦藍牙耳機 (公司貨 保固12+6個月),"$11,900"
https://24h.pchome.com.tw/prod/DYAQ9M-A900HVO38,SONY 索尼 MDR-M1 封閉式監聽耳機,"$7,990"
https://24h.pchome.com.tw/prod/DYAQ9D-A900I6DUK,SONY 索尼 ULT WEAR WH-ULT900N 無線重低音降噪耳機,"$5,490"
https://24h.pchome.com.tw/prod/DYAQFN-A900I0NU9,SONY 索尼 LinkBuds Open 開放式真無線耳機 WF-L910(公司貨 保固12+6個月),"$6,490"
https://24h.pchome.com.tw/prod/DYAQ9M-A900GAF0B,SONY 索尼 [ 公司貨 保固 12+6 個月] MDR MV1 開放式錄音室監聽耳機,"$11,290"
https://24h.pchome.com.tw/prod/DYAQFN-A900I1NSC,SONY 索尼 LinkBuds Fit 真無線降噪耳機 WF-LS910N,"$6,490"
https://24h.pchome.com.tw/prod/DYAQ9D-A900GR4UJ,SONY 索尼 INZONE H9 無線降噪電競耳機 WH-G900N (公司貨保固12個月),"$6,990"
https://24h.pchome.com.tw/prod/DYAQFN-A900HXFO6,SONY 索尼 WF-1000XM5 旗艦真無線藍牙耳機 玫瑰灰(公司貨 保固12+6個月),"$7,990"
https://24h.pchome.com.tw/prod/DYAQ9M-A900GQO32,SONY 索尼 INZONE H5 無線耳罩式電競耳機 WH-G500 (公司貨 保固12個月),"$4,190"
https://24h.pchome.com.tw/prod/DCAY7S-A9009YQKA,SONY 索尼 IER-Z1R Signature Series 旗艦入耳式耳機,"$50,190"
https://24h.pchome.com.tw/prod/DYAQBC-A900GIT5L,SONY 索尼 WF-1000XM5 旗艦真無線藍牙耳機(台灣公司貨保固12+6),"$7,990"
https://24h.pchome.com.tw/prod/DYAQFN-A900GIQP4,SONY 索尼 WF-1000XM5 旗艦真無線藍牙耳機 (公司貨 保固 12+6 個月),"$7,990"
https://24h.pchome.com.tw/prod/DYAQFN-A900I1SUJ,SONY 索尼 LinkBuds Fit 真無線降噪耳機 WF-LS910N (公司貨 保固12+6個月),"$6,490"
https://24h.pchome.com.tw/prod/DYAQ9D-A900F5UKN,SONY 索尼 WH-1000XM5 黑色 主動式降噪旗艦 藍牙耳機(頂級降噪 /極真音質/配戴舒適)[公司貨 保固12+6],"$11,900"
https://24h.pchome.com.tw/prod/DYAQ9D-A900F5ND5,SONY 索尼 WH-1000XM5 主動式降噪旗艦藍牙耳機 (台灣公司貨保固12+6),"$11,900"
https://24h.pchome.com.tw/prod/DSBC01-A900HXH9X,SONY 索尼 HT-AN7 BRAVIA Theatre U 無線頸掛式揚聲器 藍牙耳機 台灣公司貨,"$8,990"
https://24h.pchome.com.tw/prod/DCAY7T-A900FOCHG,SONY 索尼 MDR-Z1R 日本製 台灣公司貨 Signature Series 封閉式 旗艦級耳機,"$50,190"
https://24h.pchome.com.tw/prod/DYAQ9M-A900HEV1N,SONY 索尼 ULT WEAR WH-ULT900N 無線重低音降噪耳機 【公司貨保固12個月】,"$5,990"
https://24h.pchome.com.tw/prod/DCAY7S-A9009VXE9,SONY 索尼 送皮質收納袋+帆布袋+記憶耳塞 IER-Z1R 旗艦入耳式立體聲耳機 可拆換導線,"$50,190"
https://24h.pchome.com.tw/prod/DYAQ9M-A900I7GKJ,SONY 索尼 INZONE H9 WH-G900N 無線降噪 電競耳機 白色,"$6,990"
https://24h.pchome.com.tw/prod/DYAQ9D-A900AU89Y,SONY 索尼 WH-1000XM4 藍牙降噪耳罩式耳機《公司貨註冊保固2年》,"$7,900"
https://24h.pchome.com.tw/prod/DYAQ9M-A900G43D2,SONY 索尼 [公司貨 保固12個月] WH-CH720N 無線降噪耳罩式耳機,"$3,900"
https://24h.pchome.com.tw/prod/DYAQ9M-A900HEXQ1,SONY 索尼 ULT WEAR WH-ULT900N 無線重低音降噪耳機 (公司貨 保固 12 個月),"$5,990"
https://24h.pchome.com.tw/prod/DYAQFN-A900GQVP1,SONY 索尼 INZONE Buds 真無線降噪遊戲耳塞式耳機 WF-G700N,"$5,890"
https://24h.pchome.com.tw/prod/DYAQ9D-A900FHXFN,SONY 索尼 INZONE H9無線降噪電競耳機 (WH-G900N),"$6,990"
https://24h.pchome.com.tw/prod/DYAQ9D-A900IAJA5,SONY 索尼 WH-ULT900N 無線重低音降噪耳機 公司貨 保固 12個月,"$5,990"
https://24h.pchome.com.tw/prod/DYAQ9N-A900G1YBF,SONY 索尼 [公司貨 保固12個月] WI-OE610 Float Run 頸帶離耳式耳機,"$3,550"
https://24h.pchome.com.tw/prod/DYAQF4-A900I1T4B,SONY 索尼 LinkBuds Fit 真無線降噪耳機 WF-LS910N (公司貨 保固12+6個月),"$6,490"
https://24h.pchome.com.tw/prod/DYAQF4-A900G6NGC,SONY 索尼 WF-LS900N LinkBuds S 真無線藍牙耳機 白色,"$3,990"
https://24h.pchome.com.tw/prod/DYAQ9M-A900HGQTC,SONY 索尼 WH-1000XM5 無線藍牙降噪 耳罩式耳機[福利品],"$8,900"
https://24h.pchome.com.tw/prod/DYAQF4-A900G6NH5,SONY 索尼 WF-LS900N LinkBuds S 真無線藍牙耳機 淡褐,"$3,990"
https://24h.pchome.com.tw/prod/DYAQFN-A900GIU2N,SONY 索尼 WF-1000XM5 黑色 旗艦真無線藍牙耳機 (公司貨 保固 12+6 個月),"$7,990"
https://24h.pchome.com.tw/prod/DYAQ9M-A900I7GSK,SONY 索尼 MDR-7506 錄音監聽耳機 頭戴式耳機,"$3,490"
https://24h.pchome.com.tw/prod/DYAQF4-A900I10TZ,SONY 索尼 WF-1000XM5 主動式降噪真無線藍牙耳機 4色 (公司貨保固12+6個月),"$7,990"
https://24h.pchome.com.tw/prod/DYAQF4-A900EQFD8,SONY 索尼 WF-L900 LinkBuds 真無線藍牙耳機《公司貨註冊保固1年6個月》,"$3,990"
https://24h.pchome.com.tw/prod/DYAQ9M-A900GQVJC,SONY 索尼 INZONE H9 無線降噪電競耳機 WH-G900N (公司貨 保固 12 個月),"$6,990"
https://24h.pchome.com.tw/prod/DCAY7T-A900860VT,SONY 索尼 送木質耳機架+帆布袋 MDR-Z1R 旗艦級立體聲可拆卸耳機,"$50,190"
https://24h.pchome.com.tw/prod/DYAQ9D-A900FQZXL,SONY 索尼 WH-1000XM5 主動式降噪耳罩式耳機,"$11,900"
https://24h.pchome.com.tw/prod/DYAQ9M-A900GDZ3H,SONY 索尼 WH-1000XM5 主動式降噪旗艦藍牙耳機 (台灣公司貨保固12+6),"$11,900"
https://24h.pchome.com.tw/prod/DYAQFN-A900HVE9S,SONY 索尼 WF-1000XM5 旗艦真無線藍牙耳機 玫瑰灰 (公司貨 保固12+6個月),"$7,990"
https://24h.pchome.com.tw/prod/DCAY7T-A9007L55N,SONY 索尼 MDR-Z1R 日本製 公司貨 Signature Series 封閉式 旗艦級耳機,"$50,190"
https://24h.pchome.com.tw/prod/DYAQ9D-A900G7IOX,SONY 索尼 WH-1000XM5 無線藍牙降噪耳罩式耳機 公司貨 4色 公司貨,"$11,900"
https://24h.pchome.com.tw/prod/DYAQF4-A900I1P6L,SONY 索尼 LinkBuds Fit 真無線降噪耳機 WF-LS910N (公司貨保固12+6個月),"$6,490"
https://24h.pchome.com.tw/prod/DYAQFN-A900I0OWQ,SONY 索尼 LinkBuds Open 開放式真無線耳機 WF-L910(公司貨 保固12+6個月),"$6,490"
https://24h.pchome.com.tw/prod/DYAQFN-A900GQL6B,SONY 索尼 INZONE Buds 真無線降噪遊戲耳塞式耳機 WF-G700N (公司貨 保固 12 個月) 黑色,"$5,890"
https://24h.pchome.com.tw/prod/DCAY7T-A900GZ0XI,SONY 索尼 WH-CH720N 無線防噪立體聲 藍牙耳罩式耳機,"$4,190"
https://24h.pchome.com.tw/prod/DYAQF4-A900FR4BP,SONY 索尼 WF-LS900N 真無線藍牙耳機LinkBuds S 【地球藍色】,"$4,490"
https://24h.pchome.com.tw/prod/DYAQ9M-A900HBWLK,SONY 索尼 WH-1000XM5 主動式降噪旗艦 藍牙耳機,"$11,900"
https://24h.pchome.com.tw/prod/DYAQ9D-A900FMEAH,SONY 索尼 WH-G900N INZONE H9 無線降噪電競耳機麥克風組 白色,"$6,990"
https://24h.pchome.com.tw/prod/DCAY7T-A900GZDT9,SONY 索尼 WF-1000XM5 真無線 入耳式 降噪耳機,"$7,990"
https://24h.pchome.com.tw/prod/DMAFI3-A900F5OLV,SONY 索尼 WF-LS900N 真無線 主動降噪藍芽耳機,"$4,290"
https://24h.pchome.com.tw/prod/DYAQ9M-A900GQKZA,SONY 索尼 INZONE H5 無線耳罩式電競耳機 WH-G500 (公司貨 保固 12 個月) 黑色,"$4,190"
https://24h.pchome.com.tw/prod/DYAQ9D-A900FPUJE,SONY 索尼 WH-1000XM5 主動式降噪旗艦藍牙耳機 (台灣公司貨保固12+6),"$11,900"
https://24h.pchome.com.tw/prod/DMAFI3-A900G4AUG,SONY 索尼 WH-CH720N 無線防噪立體聲 藍牙耳罩式耳機,"$4,190"
https://24h.pchome.com.tw/prod/DYAQ9M-A900GQKPR,SONY 索尼 INZONE H9 無線降噪電競耳機 WH-G900N (公司貨 保固 12 個月) 黑色,"$6,990"
https://24h.pchome.com.tw/prod/DYAQF4-A900FR3XB,SONY 索尼 WF-LS900N LinkBuds S 真無線藍牙耳機 地球藍,"$3,990"
https://24h.pchome.com.tw/prod/DYAQHK-A900I7HIB,SONY 索尼 WH-ULT900N 無線重低音降噪耳機 公司貨 保固 12個月,"$5,990"
https://24h.pchome.com.tw/prod/DYAQFN-A900GIU2T,SONY 索尼 WF-1000XM5 銀色 旗艦真無線藍牙耳機 (公司貨 保固 12+6 個月),"$7,990"
https://24h.pchome.com.tw/prod/DYAQF4-A900H1NNS,SONY 索尼 WF-1000XM5 真無線主動式降噪耳機,"$7,990"
https://24h.pchome.com.tw/prod/DYAQF4-A900F5TPI,SONY 索尼 [ 公司貨 保固12+6] LinkBuds S主動式降噪真無線藍牙耳機WF-LS900N(通透環境音/高品質通話/配戴舒適),"$4,490"
https://24h.pchome.com.tw/prod/DYAQ9M-A900GLS7E,SONY 索尼 MDR-Z7M2 高解析度HD驅動單元 立體聲耳罩式耳機,"$17,890"
https://24h.pchome.com.tw/prod/DYAQ9M-A900I7GXQ,SONY 索尼 MDR-MV1 開放式 專業監聽 耳罩式耳機 [ 公司貨 保固12+6個月],"$11,390"
https://24h.pchome.com.tw/prod/DYAQ8E-A900IFT9J,SONY 索尼 WF-1000XM5 旗艦真無線藍牙耳機,"$5,990"
https://24h.pchome.com.tw/prod/DYAQ9D-A900HF2AY,SONY 索尼 ULT WEAR WH-ULT900N 無線重低音降噪耳機 (公司貨保固12個月),"$5,990"
https://24h.pchome.com.tw/prod/DYAQ06-A900F5JCB,SONY 索尼 LinkBuds WF-LS900N真無線降噪入耳式藍牙耳機(原廠公司貨),"$4,490"
https://24h.pchome.com.tw/prod/DYAQKC-A900H9NRW,SONY 索尼 WF-LS900N 真無線 藍牙降噪耳機 (3色)【公司貨保固12個月註冊延長6個月】,"$3,990"
https://24h.pchome.com.tw/prod/DYAQF4-A900GKBLH,SONY 索尼 WF-1000XM5 旗艦真無線藍牙耳機(台灣公司貨保固12+6),"$7,990"
https://24h.pchome.com.tw/prod/DYAQ9D-A900GEUB4,SONY 索尼 WH-1000XM5無線藍牙降噪耳罩式耳機(原廠公司貨),"$11,900"
https://24h.pchome.com.tw/prod/DYAQ99-A900G0BOM,SONY 索尼 [公司貨 保固12個月] WI-OE610 Float Run 頸帶離耳式耳機,"$3,990"
https://24h.pchome.com.tw/prod/DYAQBC-A900I0WFJ,SONY 索尼 LinkBuds Open 開放式真無線藍牙耳機 2色 WF-L910 公司貨,"$6,490"
https://24h.pchome.com.tw/prod/DMAFI3-A900G3O38,SONY 索尼 WI-OE610 Float Run 離耳式運動耳機,"$3,790"
https://24h.pchome.com.tw/prod/DYAQ9M-A900HBW01,SONY 索尼 WH-1000XM5 主動式降噪旗艦 藍牙耳機,"$11,900"
https://24h.pchome.com.tw/prod/DYAQFN-A900I0MUI,SONY 索尼 LinkBuds Open 開放式真無線耳機 WF-L910(公司貨 保固12+6個月),"$6,490"
https://24h.pchome.com.tw/prod/DYAQF4-A900F5JTD,SONY 索尼 WF-LS900N LinkBuds S 真無線耳機《公司貨註冊保固1年6個月》,"$4,490"
https://24h.pchome.com.tw/prod/DYAQ0R-A900E9GP2,SONY 索尼 WF-L900 LinkBuds 真無線藍牙耳機《公司貨註冊保固1年6個月》,"$3,990"
https://24h.pchome.com.tw/prod/DYAQ9M-A900G9P6S,SONY 索尼 MDR-MV1 開放式 專業監聽 耳罩式耳機 [ 公司貨 保固12+6個月],"$11,390"
https://24h.pchome.com.tw/prod/DYAQ9D-A900I10PG,SONY 索尼 WH-1000XM5 無線藍牙降噪耳罩式耳機 公司貨 4色 公司貨,"$11,900"
https://24h.pchome.com.tw/prod/DYAQF4-A900F5ZUI,SONY 索尼 WF-LS900N LinkBuds S 真無線耳機【黑色】《公司貨註冊保固1年6個月》,"$4,490"
https://24h.pchome.com.tw/prod/DYAQ9M-A900I7GCQ,SONY 索尼 WH-1000XM4 無線藍牙降噪 耳罩式耳機,"$7,900"
https://24h.pchome.com.tw/prod/DSBC59-A900I0ZJJ,SONY 索尼 真無線降噪耳機 WF-LS910,"$6,490"
https://24h.pchome.com.tw/prod/DMAFI3-A900EQUK7,SONY 索尼 WF-L900 Linkbuds 開放式 真無線藍牙耳機,"$3,790"
https://24h.pchome.com.tw/prod/DYAQ9N-A900G15SB,SONY 索尼 [公司貨 保固12個月] WI-OE610 Float Run 頸帶離耳式耳機,"$3,550"
https://24h.pchome.com.tw/prod/DYAQ9D-A900HX6T2,SONY 索尼 WH-1000XM5 無線藍牙降噪耳罩式耳機 公司貨 4色 公司貨,"$11,900"
https://24h.pchome.com.tw/prod/DYAQF4-A900HX6TQ,SONY 索尼 WF-1000XM5 主動式降噪真無線藍牙耳機 4色 (公司貨保固12+6個月),"$7,990"
https://24h.pchome.com.tw/prod/DYAQ9D-A900IATF9,SONY 索尼 WH-ULT900N 無線降噪 耳罩式耳機,"$5,990"
https://24h.pchome.com.tw/prod/DYAQ9M-A900HTBYH,SONY 索尼 MDR-M1 封閉式監聽耳機,"$7,990"
https://24h.pchome.com.tw/prod/DYAQ9D-A900F67JJ,SONY 索尼 WH-1000XM5 無線藍牙降噪耳罩式耳機,"$11,900"
https://24h.pchome.com.tw/prod/DYAQA1-A900G76SH,SONY 索尼 WI-OE610 Float Run 離耳式運動藍牙耳機 公司貨,"$3,690"
https://24h.pchome.com.tw/prod/DMAAMT-A900HF0Y6,SONY 索尼 WH-ULT900N 無線降噪 耳罩式耳機,"$5,790"
https://24h.pchome.com.tw/prod/DYAQHK-A900HO1IE,SONY 索尼 WH-1000XM5無線藍牙降噪耳罩式耳機+ LAPO三代八合一行動電源WT-08(原廠公司貨),"$11,900"
https://24h.pchome.com.tw/prod/DMAF4B-A900GSC4O,SONY 索尼 WF-1000XM5 真無線 入耳式 降噪耳機,"$7,990"
https://24h.pchome.com.tw/prod/DYAQ9D-A900I0LSC,SONY 索尼 WH-CH720N 無線降噪耳罩式耳機 公司貨,"$3,900"
https://24h.pchome.com.tw/prod/DYAQHK-A900HNMX4,SONY 索尼 WH-1000XM5 主動式降噪旗艦藍牙耳機 公司貨 保固 12+6 個月,"$11,900"
https://24h.pchome.com.tw/prod/DYAQIL-A900HBW0A,SONY 索尼 WF-1000XM5 真無線主動式降噪耳機,"$7,990"
https://24h.pchome.com.tw/prod/DYAQ9D-A900F5J8J,SONY 索尼 WH-1000XM5無線藍牙降噪耳罩式耳機(原廠公司貨),"$11,900"
https://24h.pchome.com.tw/prod/DSBC01-A900HVNA7,SONY 索尼 旗艦 無線藍牙降噪耳罩式耳機 WH-1000XM5 四色,"$11,900"
https://24h.pchome.com.tw/prod/DYAQF4-A900GJ3V6,SONY 索尼 WF-1000XM5 真無線主動式降噪藍牙耳機,"$7,990"
https://24h.pchome.com.tw/prod/DYAQ9M-A900HEXAZ,SONY 索尼 WH-ULT900N 無線降噪耳機【公司貨 原廠保固一年】,"$5,990"
https://24h.pchome.com.tw/prod/DCAYPG-A900GYLCT,SONY 索尼 WF-1000XM5 旗艦真無線藍牙耳機[福利品] (公司貨 保固12+6個月),"$6,990"
https://24h.pchome.com.tw/prod/DYAQ9M-A900I7GG9,SONY 索尼 WH-1000XM5 (3色) 無線藍牙降噪 耳罩式耳機【公司貨保固12個月註冊延長6個月】,"$11,900"
https://24h.pchome.com.tw/prod/DYAQFN-A900I0P92,SONY 索尼 LinkBuds Open 開放式真無線耳機 WF-L910(公司貨 保固12+6個月),"$6,490"
https://24h.pchome.com.tw/prod/DYAQA1-A900HTCZ6,SONY 索尼 MDR-M1 封閉式監聽耳機 (公司貨 保固12+6個月),"$7,990"
https://24h.pchome.com.tw/prod/DSBC01-A900H4ZB9,SONY 索尼 WF-G700N 電競真無線耳機 INZONE Buds,"$5,880"
https://24h.pchome.com.tw/prod/DMAFI3-A900G1AW0,SONY 索尼 WI-OE610 Float Run 離耳式運動耳機,"$3,790"
https://24h.pchome.com.tw/prod/DYAQF4-A900F5PFE,SONY 索尼 LinkBuds S主動式降噪真無線藍牙耳機WF-LS900N(台灣公司貨保固12+6),"$4,490"
https://24h.pchome.com.tw/prod/DMAF4B-A900F5ONM,SONY 索尼 WH-1000XM5 HD降噪 無線藍牙 耳罩式耳機,"$11,900"
https://24h.pchome.com.tw/prod/DYAQF4-A900HEITP,SONY 索尼 WF-SP700N 無線降噪耳機 粉色 (公司貨),"$4,900"
https://24h.pchome.com.tw/prod/DSBC40-A900GF4HE,SONY 索尼 【南紡購物中心】 LinkBuds S主動式降噪真無線藍牙耳機 WF-LS900N (台灣公司貨保固12+6),"$4,200"
https://24h.pchome.com.tw/prod/DYAQF4-A900GJ4KZ,SONY 索尼 WF-1000XM5 旗艦真無線藍牙耳機 銀色,"$7,990"
https://24h.pchome.com.tw/prod/DYAQ9D-A900GOX5W,SONY 索尼 WH-CH720 無線藍牙 耳罩式耳機 3色 公司貨,"$4,490"
https://24h.pchome.com.tw/prod/DYAQF4-A900GR4WI,SONY 索尼 INZONE Buds 真無線降噪遊戲耳塞式耳機 WF-G700N (台灣公司貨保固12個月),"$5,890"
https://24h.pchome.com.tw/prod/DYAQF4-A900GCMDU,SONY 索尼 WF-L900 真無線藍牙耳機 2色 LinkBuds 公司貨,"$3,990"
https://24h.pchome.com.tw/prod/DSBC01-A900HVN0I,SONY 索尼 WF-1000XM5旗艦真無線藍牙降噪耳機 三色 原廠公司貨,"$7,990"
https://24h.pchome.com.tw/prod/DYAQ9M-A900HGQWB,SONY 索尼 INZONE H9 無線降噪電競耳機 WH-G900N 【黑色】[福利品](公司貨 保固12個月),"$6,990"
https://24h.pchome.com.tw/prod/DYAQ9D-A900GRKY6,SONY 索尼 INZONE H5 無線耳罩式電競耳機 WH-G500 (公司貨保固12個月),"$4,190"
https://24h.pchome.com.tw/prod/DYAQF4-A900GPD3M,SONY 索尼 WH-CH720N 無線降噪耳罩式耳機(公司貨),"$4,041"
https://24h.pchome.com.tw/prod/DCAY7T-A900GZ1EJ,SONY 索尼 WF-L900 Linkbuds 開放式 真無線藍牙耳機,"$3,790"
https://24h.pchome.com.tw/prod/DYAQ9D-A900HFKXS,SONY 索尼 WH-ULT900N 無線重低音降噪耳機 3色 公司貨,"$5,990"
https://24h.pchome.com.tw/prod/DYAQ5I-A900GJEQR,SONY 索尼 Kimber Kable 合作 MUC-B20SB2 耳機用更換導線 適用於MDR-Z1RZ7Z7M2,"$7,590"
https://24h.pchome.com.tw/prod/DYAQ9M-A900GD5G3,SONY 索尼 [公司貨 保固12個月] WH-CH720N 無線降噪耳罩式耳機,"$3,990"
https://24h.pchome.com.tw/prod/DSBC59-A900I0ZQI,SONY 索尼 無線藍牙耳機 開放式環狀設計 WF-L910,"$6,490"
https://24h.pchome.com.tw/prod/DYAQF4-A900H2NQE,SONY 索尼 WF-1000XM5 真無線主動式降噪耳機,"$7,990"
https://24h.pchome.com.tw/prod/DYAQ5I-A900GC6K3,SONY 索尼 Kimber Kable 合作 MUC-B20SB2 耳機用更換導線 適用於MDR-Z1RZ7Z7M2,"$7,590"
https://24h.pchome.com.tw/prod/DMAF4B-A900F5IRY,SONY 索尼 WH-1000XM5 HD降噪 無線藍牙 耳罩式耳機,"$11,900"
https://24h.pchome.com.tw/prod/DYAQ9D-A900GF0G0,SONY 索尼 WH-1000XM5 主動式降噪旗艦藍牙耳機 (3色可選) (公司貨 保固12+6個月),"$11,900"
https://24h.pchome.com.tw/prod/DYAQF4-A900I0KUS,SONY 索尼 LinkBuds Open 開放式真無線耳機 WF-L910 (公司貨保固12+6個月),"$6,490"
https://24h.pchome.com.tw/prod/DYAQ9D-A900HF69M,SONY 索尼 WH-ULT900N無線藍牙降噪耳罩式耳機(原廠公司貨),"$5,990"
https://24h.pchome.com.tw/prod/DYAQ9M-A900HTAYU,SONY 索尼 MDR-M1 封閉式監聽耳機 (公司貨 保固12+6個月),"$7,990"
https://24h.pchome.com.tw/prod/DYAQFN-A900I1SR5,SONY 索尼 LinkBuds Fit 真無線降噪耳機 WF-LS910N (公司貨 保固12+6個月),"$6,490"
https://24h.pchome.com.tw/prod/DYAQA1-A900HTD3Y,SONY 索尼 MDR-M1 封閉式監聽耳機 (公司貨 保固12+6個月),"$7,990"
https://24h.pchome.com.tw/prod/DSBC59-A900FLDPH,SONY 索尼 MDR-7506 專業級錄音監聽耳機 公司貨,"$3,490"
https://24h.pchome.com.tw/prod/DYAQA1-A900G76R0,SONY 索尼 MDR-7506 錄音監聽耳機 公司貨,"$3,490"
https://24h.pchome.com.tw/prod/DYAQF4-A900F5ZUG,SONY 索尼 WF-LS900N LinkBuds S 真無線耳機【淡褐色】《公司貨註冊保固1年6個月》,"$4,490"
https://24h.pchome.com.tw/prod/DYAQHK-A900HO4F6,SONY 索尼 WF-1000XM5降噪入耳式耳機+ LAPO三代八合一行動電源WT-08(原廠公司貨),"$8,990"
https://24h.pchome.com.tw/prod/DYAQF4-A900GITHD,SONY 索尼 WF-1000XM5 旗艦真無線藍牙耳機 (黑/銀) (公司貨 保固12+6個月),"$7,990"
https://24h.pchome.com.tw/prod/DYAQF4-A900AJ4FX,SONY 索尼 WF-H800 真無線耳機,"$3,590"
https://24h.pchome.com.tw/prod/DSBC01-A900G1CRG,SONY 索尼 WI-OE610 Float Run 頸帶離耳式耳機 公司貨,"$3,550"
https://24h.pchome.com.tw/prod/DYAQF4-A900G9N76,SONY 索尼 WF-C700N 真無線降噪藍芽耳機,"$3,490"
https://24h.pchome.com.tw/prod/DYAQBC-A900GIT7A,SONY 索尼 WF-1000XM5 旗艦真無線藍牙耳機(台灣公司貨保固12+6),"$7,990"
https://24h.pchome.com.tw/prod/DMAFI3-A900FRNQH,SONY 索尼 WF-LS900N 真無線 主動降噪藍芽耳機 地球藍,"$4,290"
https://24h.pchome.com.tw/prod/DYAQF4-A900I1P77,SONY 索尼 LinkBuds Fit 真無線降噪耳機 WF-LS910N (公司貨保固12+6個月),"$6,490"
https://24h.pchome.com.tw/prod/DSBC01-A900GZ72H,SONY 索尼 WF-LS900N LinkBuds S主動式降噪真無線藍牙耳機,"$4,290"
https://24h.pchome.com.tw/prod/DYAQF4-A900I0PQ7,SONY 索尼 WF-L910 LinkBuds Open 真無線藍牙耳機,"$6,490"
https://24h.pchome.com.tw/prod/DYAQKC-A900HRH19,SONY 索尼 [福利品]ULT WEAR WH-ULT900N 無線重低音降噪耳機 【公司貨保固12個月】,"$5,190"
https://24h.pchome.com.tw/prod/DSBC59-A900I45FD,SONY 索尼 封閉式監聽耳機 MDR-M1,"$7,990"
https://24h.pchome.com.tw/prod/DYAQF4-A900F6R8J,SONY 索尼 LinkBuds S 無線藍牙耳機WF-LS900N,"$4,380"
https://24h.pchome.com.tw/prod/DYAQFN-A900I1YE2,SONY 索尼 LinkBuds Fit 真無線降噪耳機 WF-LS910N (公司貨 保固12+6個月),"$6,490"
https://24h.pchome.com.tw/prod/DYAQBC-A900I37DP,SONY 索尼 LinkBuds Fit 真無線藍牙耳機 WF-LS910N 3色 公司貨,"$6,490"
https://24h.pchome.com.tw/prod/DYAQ9D-A900HFBBE,SONY 索尼 ULT WEAR WH-ULT900N 無線重低音降噪耳機,"$5,990"
https://24h.pchome.com.tw/prod/DYAQ9M-A900I7GZP,SONY 索尼 INZONE H9 無線降噪電競耳機 WH-G900N 【黑色】(公司貨 保固12個月),"$6,990"
https://24h.pchome.com.tw/prod/DYAQ9D-A900HEGSR,SONY 索尼 WH-H900N h.ear on 2 無線降噪耳機 (公司貨),"$7,200"
https://24h.pchome.com.tw/prod/DYAQKC-A900HPXI3,SONY 索尼 INZONE H9 無線降噪電競耳機 WH-G900N 【白色】(公司貨 保固12個月)[福利品],"$6,990"
https://24h.pchome.com.tw/prod/DYAQFN-A900I7GY6,SONY 索尼 WF-1000XM5 旗艦真無線藍牙耳機,"$7,990"
https://24h.pchome.com.tw/prod/DYAQHK-A900HO4EI,SONY 索尼 WF-1000XM5真無線降噪入耳式耳機+ Papago二代多功能行動電源(原廠公司貨),"$8,490"
https://24h.pchome.com.tw/prod/DYAQF4-A900G7IGB,SONY 索尼 WF-LS900N 開放式真無線藍牙耳機 LinkBuds S 公司貨,"$4,490"
https://24h.pchome.com.tw/prod/DYAQF4-A900EQ3M6,SONY 索尼 [ 公司貨 保固 12+6] WF L900 LinkBuds 真無線開放式耳機,"$3,990"
https://24h.pchome.com.tw/prod/DYAQF4-A900GJ0KW,SONY 索尼 WF-1000XM5 主動式降噪真無線藍牙耳機 (公司貨保固12+6個月),"$7,990"
https://24h.pchome.com.tw/prod/DMAFI3-A900GOXM4,SONY 索尼 WF-C700N 降噪真無線耳機,"$3,290"
https://24h.pchome.com.tw/prod/DSBC59-A900F5OYK,SONY 索尼 WH-1000XM5 無線藍牙 降噪耳罩式耳機 公司貨,"$11,900"
https://24h.pchome.com.tw/prod/DYAQ9N-A900I7GVX,SONY 索尼 [公司貨 保固12個月] WI-OE610 Float Run 頸帶離耳式耳機,"$3,990"
https://24h.pchome.com.tw/prod/DYAQF4-A900F5ZUF,SONY 索尼 WF-LS900N LinkBuds S 真無線耳機【白色】《公司貨註冊保固1年6個月》,"$4,490"
https://24h.pchome.com.tw/prod/DSBC59-A900HFND9,SONY 索尼 WH-ULT900N 無線降噪耳機 公司貨,"$5,990"
https://24h.pchome.com.tw/prod/DYAQA1-A900I3K6N,SONY 索尼 MDR-M1 封閉式監聽耳機 (公司貨保固12+6個月),"$7,990"
https://24h.pchome.com.tw/prod/DYAQ9D-A900H9UO2,SONY 索尼 WH-1000XM5 無線藍牙降噪耳罩式耳機,"$10,900"
https://24h.pchome.com.tw/prod/DYAQKC-A900I7KC4,SONY 索尼 [福利品]LinkBuds Open 開放式真無線耳機 WF-L910(公司貨 保固12+6個月),"$5,690"
https://24h.pchome.com.tw/prod/DSBC59-A900GALCI,SONY 索尼 WF-C700N 真無線藍牙降噪耳機 公司貨,"$3,490"
https://24h.pchome.com.tw/prod/DSBC59-A900G47XF,SONY 索尼 【南紡購物中心】 WH-CH720N 無線藍牙降噪耳機 公司貨,"$4,190"
https://24h.pchome.com.tw/prod/QAAP5K-A900A85DE,SONY 索尼 MUC-M12BL2 耳機用更換導線 適用於Z5A3A2N3APN1AP,"$3,590"
https://24h.pchome.com.tw/prod/DSBC01-A900FGV5F,SONY 索尼 【南紡購物中心】 WF-LS900N 真無線 主動降噪藍芽耳機,"$5,590"
https://24h.pchome.com.tw/prod/DSBC01-A900FMD86,SONY 索尼 【南紡購物中心】   錄音監聽耳機 頭戴式耳機  MDR-7506,"$3,490"
https://24h.pchome.com.tw/prod/DYAQF4-A900I1DE4,SONY 索尼 LinkBuds Open 開放式真無線耳機WF-L910,"$6,490"
https://24h.pchome.com.tw/prod/DYAQF4-A900GCE22,SONY 索尼 WF-C700N 無線降噪藍牙耳機,"$3,490"
https://24h.pchome.com.tw/prod/DYAQ9M-A900G7Y5H,SONY 索尼 [公司貨 保固12個月] WH-CH720N 無線降噪耳罩式耳機,"$4,490"
https://24h.pchome.com.tw/prod/DYAQFN-A900GQO4T,SONY 索尼 INZONE Buds 真無線降噪遊戲耳塞式耳機 WF-G700N (公司貨 保固12個月),"$5,890"
https://24h.pchome.com.tw/prod/DYAQFN-A900I0ITN,SONY 索尼 LinkBuds Open 開放式真無線耳機 WF-L910,"$6,490"
https://24h.pchome.com.tw/prod/DYAQ9M-A900I7H00,SONY 索尼 INZONE H5 無線耳罩式電競耳機 WH-G500 (公司貨 保固12個月),"$4,190"
https://24h.pchome.com.tw/prod/DSBC59-A900HW739,SONY 索尼 MDR-M1 封閉式監聽耳機,"$7,990"
https://24h.pchome.com.tw/prod/DYAQ5I-A900GC6PH,SONY 索尼 Kimber Kable 合作 MUC-M12SB2 耳機用更換導線 適用於IER-Z1RIER-M9IER-M7Just Ear 系列XBA-N3XBA-N1,"$6,490"
https://24h.pchome.com.tw/prod/DYAQF4-A900I4DUX,SONY 索尼 WF-LS910N LinkBuds Fit真無線藍牙耳機(公司貨),"$6,490"
https://24h.pchome.com.tw/prod/DSBC01-A900H2HAW,SONY 索尼 WH-G500 無線電競耳機 INZONE H5 耳罩式電競耳機,"$4,490"
https://24h.pchome.com.tw/prod/DSBC40-A900GSQPR,SONY 索尼 WF-1000XM5 旗艦真無線藍牙耳機 (台灣公司貨保固12+6),"$7,990"
https://24h.pchome.com.tw/prod/DYAQF4-A900I3B9A,SONY 索尼 WF-LS900N 真無線 主動降噪藍牙耳機,"$6,490"
https://24h.pchome.com.tw/prod/DYAQA1-A900HVPDY,SONY 索尼 MDR-M1 封閉式監聽耳機 公司貨,"$7,990"
https://24h.pchome.com.tw/prod/DSBC01-A900GFBKY,SONY 索尼 WH-1000XM5 無線藍牙降噪 耳罩式耳機 原廠公司貨,"$11,900"
https://24h.pchome.com.tw/prod/DYAQF4-A900I3C6O,SONY 索尼 LinkBuds Open 開放式真無線耳機 WF-L910(公司貨 保固12+6個月),"$6,490"
https://24h.pchome.com.tw/prod/DSBC40-A900GEVTU,SONY 索尼 【南紡購物中心】 WH-1000XM5 無線藍牙降噪耳罩式耳機 (公司貨保固12+6),"$11,900"
https://24h.pchome.com.tw/prod/DSBC01-A900I3F96,SONY 索尼 真無線降噪耳機 WF-LS910 送保護套+專用耳勾,"$6,490"
https://24h.pchome.com.tw/prod/DSBC59-A900GF67O,SONY 索尼 【南紡購物中心】 MDR-MV1 開放式專業監聽耳機 公司貨,"$11,990"
https://24h.pchome.com.tw/prod/DYAQF4-A900GZS4T,SONY 索尼 WF-1000XM5 旗艦真無線藍牙耳機 公司貨 保固 12+6 個月,"$7,990"
https://24h.pchome.com.tw/prod/DYAQF4-A900I0PDV,SONY 索尼 WF-L910 LinkBuds Open 真無線藍牙耳機,"$6,490"
https://24h.pchome.com.tw/prod/DYAQ9M-A900GQKZ3,SONY 索尼 INZONE H5 無線耳罩式電競耳機 WH-G500 (公司貨 保固 12 個月) 白色,"$4,190"
https://24h.pchome.com.tw/prod/DYAQF4-A900I3E01,SONY 索尼 LinkBuds Fit 真無線降噪耳機WF-LS910N,"$6,490"
https://24h.pchome.com.tw/prod/DSBC59-A900I5C5X,SONY 索尼 WF-LS910N LinkBuds Fit 真無線藍芽耳機,"$6,490"
https://24h.pchome.com.tw/prod/DSBC01-A900G9JWZ,SONY 索尼 WF-C700N 真無線藍芽耳機,"$3,490"
https://24h.pchome.com.tw/prod/DSBC59-A900I4C2F,SONY 索尼 WF-L910 LinkBuds Open 真無線藍芽耳機,"$6,490"
https://24h.pchome.com.tw/prod/DSBC59-A900IE0MB,SONY 索尼 WF-1000XM5 旗艦真無線降噪耳機 公司貨,"$7,990"
https://24h.pchome.com.tw/prod/DSBC44-A900HXHA3,SONY 索尼 離耳式運動耳機 WI-OE610,"$3,690"
https://24h.pchome.com.tw/prod/DSBC01-A900IDEXY,SONY 索尼 MDR-M1 封閉式監聽耳機 公司貨,"$7,990"
https://24h.pchome.com.tw/prod/DSBC01-A900I6JJY,SONY 索尼 WF-L910 藍牙耳機 LinkBuds Open,"$6,480"
https://24h.pchome.com.tw/prod/DSBC01-A900FCDV4,SONY 索尼 【南紡購物中心】 WF-L900 真無線藍牙耳機,"$5,190"
https://24h.pchome.com.tw/prod/DYAQA1-A900GF184,SONY 索尼 MDR-MV1 開放式錄音室監聽耳機 公司貨,"$11,990"
https://24h.pchome.com.tw/prod/DSBC59-A900F5OY3,SONY 索尼 【南紡購物中心】 WF-LS900N 真無線 藍牙降噪耳機,"$4,490"
https://24h.pchome.com.tw/prod/DCAY7T-A9009ESAH,SONY 索尼 加贈木質耳機架+帆布袋 MDR-Z7M2 高解析度HD驅動單元 立體聲耳機,"$17,890"
https://24h.pchome.com.tw/prod/DSBC01-A900GIY26,SONY 索尼 (1+1入)旗艦真無線藍牙降噪耳機 WF-1000XM5 原廠公司貨,"$15,980"
https://24h.pchome.com.tw/prod/DYAQ9L-A900I7G7I,SONY 索尼 IER-M7 搭載四顆平衡電樞單體 入耳式監聽耳機,"$17,890"
https://24h.pchome.com.tw/prod/DYAQ9M-A900I7G8M,SONY 索尼 MDR-Z7M2 高解析 耳罩式耳機,"$17,890"
https://24h.pchome.com.tw/prod/QAAP5N-A900A0YJ0,SONY 索尼 再贈木質耳機架+帆布袋 MDR-Z7M2 高解析度HD驅動單元 立體聲耳罩式耳機,"$17,890"
https://24h.pchome.com.tw/prod/DYAQ5O-A9009EOXT,SONY 索尼 IER-M9 搭載五顆平衡電樞單體 入耳式監聽耳機,"$32,190"
https://24h.pchome.com.tw/prod/QAAP5N-A900A0Y4A,SONY 索尼 IER-M9 入耳式監聽耳機,"$32,190"
https://24h.pchome.com.tw/prod/QAAP9R-A900A12J7,SONY 索尼 送皮質收納袋+帆布袋+記憶耳塞 IER-Z1R 旗艦入耳式立體聲耳機,"$50,190"
https://24h.pchome.com.tw/prod/QAAP5E-A900A7KG7,SONY 索尼 送木質耳機架+帆布袋 MDR-Z1R 旗艦級立體聲可拆卸耳機,"$50,190"
https://24h.pchome.com.tw/prod/DCAY7S-A900FOCHI,SONY 索尼 IER-Z1R Signature Series 旗艦入耳式耳機,"$50,190"
https://24h.pchome.com.tw/prod/DCAY7T-A90096QRM,SONY 索尼 MDR-7506 錄音監聽耳機 頭戴式耳機,"$3,490"
https://24h.pchome.com.tw/prod/DYAQ9L-A900HQEMZ,SONY 索尼 XBA-40 四重平衡電樞 音效優美豐富 金色,"$8,631"
https://24h.pchome.com.tw/prod/DYAQF4-A900F4V8F,SONY 索尼 WF-LS900N LinkBuds S,"$4,490"
https://24h.pchome.com.tw/prod/QAAP7X-A900AE3B5,SONY 索尼 XBA-40 四重平衡電樞 音效優美豐富 金色,"$8,631"
https://24h.pchome.com.tw/prod/DMAF03-A900EZUXB,SONY 索尼 SRS-NB10 無線穿戴式揚聲器,"$3,790"
https://24h.pchome.com.tw/prod/DSBE1T-A900H2WJG,SONY索尼 PlayStation PS5 PULSE Explore 無線耳塞式耳機,"$6,480"
https://24h.pchome.com.tw/prod/DYAQFN-A900I7GE3,SONY 索尼 WF-LS900N LinkBuds S,"$4,490"
https://24h.pchome.com.tw/prod/DYAQF4-A900G84C9,SONY 索尼 WH-CH720N 主動降噪無線藍牙耳罩式耳機,"$4,490"
https://24h.pchome.com.tw/prod/DYAQF4-A900G6N9O,SONY 索尼 WF-LS900N LinkBuds S 真無線藍牙耳機 黑,"$3,990"
https://24h.pchome.com.tw/prod/DYAQ9M-A900GQO7N,SONY 索尼 INZONE H9 無線降噪電競耳機 WH-G900N 【黑色】(公司貨 保固12個月),"$6,990"
https://24h.pchome.com.tw/prod/DYAQ9D-A900FA6LK,SONY 索尼 INZONE H9 WH-G900N 無線降噪 電競耳機 白色,"$6,990"
https://24h.pchome.com.tw/prod/DCAY7T-A900AWDDU,SONY 索尼 耳罩式耳機 WH-1000XM4 無線藍牙/有線兩用 HD降噪 音質升級 降噪優化【保固一年】,"$7,890"
https://24h.pchome.com.tw/prod/DYAQ9N-A900G26UA,SONY 索尼 [ 公司貨 保固 12 個月]WI OE610 Float Run 頸帶離耳式耳機,"$3,591"
https://24h.pchome.com.tw/prod/DYAQ5I-A900GJEQM,SONY 索尼 Kimber Kable 合作 MUC-M12SB2 耳機用更換導線 適用於IER-Z1RIER-M9IER-M7Just Ear 系列XBA-N3XBA-N1,"$6,490"
https://24h.pchome.com.tw/prod/DYAQF4-A900F5PG6,SONY 索尼 LinkBuds S主動式降噪真無線藍牙耳機WF-LS900N (台灣公司貨保固12+6),"$4,490"
https://24h.pchome.com.tw/prod/DYAQ9D-A900HJIND,SONY 索尼 WH-1000XM5 主動式降噪旗艦藍牙耳機 (公司貨),"$11,900"
https://24h.pchome.com.tw/prod/DCAY7T-A900F5INH,SONY 索尼 MDR-Z7M2 高解析 耳罩式耳機,"$17,890"
https://24h.pchome.com.tw/prod/QAAP5N-A900A0Y4U,SONY 索尼 IER-M7入耳式耳機,"$17,890"
https://24h.pchome.com.tw/prod/DCAY7S-A9009ESED,SONY 索尼 IER-M9 入耳式監聽耳機 可拆換導線,"$32,190"
https://24h.pchome.com.tw/prod/DCAYVN-A900BEI35,SONY 索尼 IER-M9 入耳式監聽耳機,"$32,190"
https://24h.pchome.com.tw/prod/DSBE1T-A900FX7NK,SONY 索尼 PS5 PULSE 3D 無線耳機組(深灰迷彩),"$3,080"
https://24h.pchome.com.tw/prod/DGBJNS-A900I8GPN,SONY 索尼 【PS5 周邊】PULSE Explore 無線耳塞式耳機,"$6,480"
https://24h.pchome.com.tw/prod/DYAQKC-A900I7KFM,SONY 索尼 【福利品】MUC-M12SB2 4.4mm 平衡標準插頭 平衡耳機線,"$5,690"
https://24h.pchome.com.tw/prod/DYAQ5I-A900GO7C9,SONY 索尼 MUC-M12SM2 耳機用更換導線 適用於Z5A3A2N3APN1AP,"$3,590"
https://24h.pchome.com.tw/prod/DGBJGB-A900HA7GN,PlayStation SONY PS5原廠 PULSE Explore 真無線藍芽 耳塞式耳機 白色 CFI-ZWE1G (含適配器) AI雜訊抑制,"$6,480"
https://24h.pchome.com.tw/prod/DMAF03-A900DVY7C,SONY 索尼 SRS-NB10 無線穿戴式揚聲器,"$3,790"
https://24h.pchome.com.tw/prod/DMAANG-A900HTIH9,SONY 索尼 BRAVIA Theatre U 無線頸掛式劇院揚聲器 HT-AN7,"$8,990"
https://24h.pchome.com.tw/prod/DSBC59-A900HUNQ7,SONY 索尼 HT-AN7無線頸掛式揚聲器 藍芽喇叭,"$8,990"
https://24h.pchome.com.tw/prod/DSBC01-A900IDN5S,SONY 索尼 可攜式無線藍牙喇叭 SRS-LS1,"$5,990"
https://24h.pchome.com.tw/prod/DSBC01-A900HQT1J,SONY 索尼 SRS-ULT10 無線藍牙喇叭 可攜式防水,"$3,990"
https://24h.pchome.com.tw/prod/DGAF14-A900HGQRO,SONY 索尼 [福利品]NW-A306 Walkman數位音樂播放器,"$8,290"
https://24h.pchome.com.tw/prod/DGBJGB-A900IGNB3,PlayStation SONY PS5原廠 PULSE Elite 無線耳機組 午夜黑 CFI-ZWH2G01(含充電掛鉤/適配器) AI雜訊抑制,"$4,680"
https://24h.pchome.com.tw/prod/DGBJGB-A900IGNAI,PlayStation SONY PS5原廠 PULSE Explore 真無線藍芽 耳塞式耳機 午夜黑 CFI-ZWE1G01(含適配器) AI雜訊抑制,"$6,480"
https://24h.pchome.com.tw/prod/DSBE1T-A900G5GPJ,SONY 索尼 PS5 PULSE 3D 無線耳機組 深灰迷彩款,"$3,080"
https://24h.pchome.com.tw/prod/DSBC01-A900I9IS7,SONY 索尼 HT-AX7 隨身劇院組合 原廠公司貨,"$14,500"
https://24h.pchome.com.tw/prod/DSBC01-A900GG88O,SONY 索尼 【南紡購物中心】 3.1(.2) 聲道 SOUNDBAR 單件式家庭劇院組 HT-S2000,"$14,900"
https://24h.pchome.com.tw/prod/DYAQH3-A900GAEXV,SONY 索尼 [ 公司貨 保固 12+6 個月] C-80 心型指向電容式麥克風,"$14,990"
https://24h.pchome.com.tw/prod/DYAQH3-A900GAEXM,SONY 索尼 [ 公司貨 保固 12+6 個月] C-80 心型指向電容式麥克風,"$14,990"
https://24h.pchome.com.tw/prod/DYAQKC-A900I3B4A,SONY 索尼 [福利品] NW-A306 Walkman數位音樂播放器,"$8,290"
https://24h.pchome.com.tw/prod/DSBC01-A900G9NFY,SONY 索尼 NW-WM1AM2 Walkman頂級高解析數位隨身聽,"$34,990"
https://24h.pchome.com.tw/prod/DSBC01-A900HMJ02,SONY 索尼 NW-WM1ZM2 頂級高解析數位隨身聽 Walkman 金磚,"$92,990"
https://24h.pchome.com.tw/prod/DSBC01-A900FTOC3,SONY 索尼 NW-WM1ZM2 頂級高解析數位隨身聽 Walkman 金磚,"$92,990"
